Level,Residency,TermCode,TermStartDate,Headcount,CourseEnrolment,AttemptedCredits
CapU,Domestic,200820,5/1/2008 0:00,2402,7080,11786.75
CapU,Domestic,200830,9/1/2008 0:00,6424,29209,62389.75
CapU,Domestic,200910,1/1/2009 0:00,6466,29328,59550.5
CapU,Domestic,200920,5/1/2009 0:00,2697,7553,12933.25
CapU,Domestic,200930,9/1/2009 0:00,7093,31912,68094.25
CapU,Domestic,201010,1/1/2010 0:00,6927,30665,64532.5
CapU,Domestic,201020,5/1/2010 0:00,2885,7268,12212
CapU,Domestic,201030,9/1/2010 0:00,7311,32815,69764.5
CapU,Domestic,201110,1/1/2011 0:00,7141,28803,65603
CapU,Domestic,201120,5/1/2011 0:00,2952,6276,12964.75
CapU,Domestic,201130,9/1/2011 0:00,7351,29585,70346.75
CapU,Domestic,201210,1/1/2012 0:00,7079,28653,65725.75
CapU,Domestic,201220,5/1/2012 0:00,2751,5644,12958
CapU,Domestic,201230,9/1/2012 0:00,7456,29752,72097.5
CapU,Domestic,201310,1/1/2013 0:00,7332,28810,67695.25
CapU,Domestic,201320,5/1/2013 0:00,2872,5665,12872.25
CapU,Domestic,201330,9/1/2013 0:00,7053,27967,67388
CapU,Domestic,201410,1/1/2014 0:00,6653,26120,62230.5
CapU,Domestic,201420,5/1/2014 0:00,2583,5161,12492.25
CapU,Domestic,201430,9/1/2014 0:00,6525,26038,63848.25
CapU,Domestic,201510,1/1/2015 0:00,6124,23894,57674.75
CapU,Domestic,201520,5/1/2015 0:00,2275,4208,10655.5
CapU,Domestic,201530,9/1/2015 0:00,5939,23437,59540
CapU,Domestic,201610,1/1/2016 0:00,5533,21485,53605.75
CapU,Domestic,201620,5/1/2016 0:00,2165,4065,10136
CapU,Domestic,201630,9/1/2016 0:00,5705,22375,57595.25
CapU,Domestic,201710,1/1/2017 0:00,5370,20627,52055.25
CapU,Domestic,201720,5/1/2017 0:00,2108,3884,9626.5
CapU,Domestic,201730,9/1/2017 0:00,5584,21879,56539.25
CapU,Domestic,201810,1/1/2018 0:00,5314,20175,50664.75
CapU,Domestic,201820,5/1/2018 0:00,1934,3844,8927
CapU,Domestic,201830,9/1/2018 0:00,5437,20761,53902.25
CapU,Domestic,201910,1/1/2019 0:00,5011,18879,48487
CapU,Domestic,201920,5/1/2019 0:00,1792,3691,9265
CapU,Domestic,201930,9/1/2019 0:00,5236,19996,51766.75
CapU,Domestic,202010,1/1/2020 0:00,4764,18156,45985
CapU,Domestic,202020,5/1/2020 0:00,1792,4195,9903
CapU,Domestic,202030,9/1/2020 0:00,5083,20139,50499
CapU,Domestic,202110,1/1/2021 0:00,4955,18466,47025.25
CapU,Domestic,202120,5/1/2021 0:00,2221,5458,12790
CapU,Domestic,202130,9/1/2021 0:00,5024,19097,50514.25
CapU,Domestic,202210,1/1/2022 0:00,4711,16711,43640
CapU,Domestic,202220,5/1/2022 0:00,1785,3810,9846.5
CapU,Domestic,202230,9/1/2022 0:00,5021,18466,48511.5
CapU,Domestic,202310,1/1/2023 0:00,4464,16405,44359.25
CapU,International,200820,5/1/2008 0:00,337,612,2406.5
CapU,International,200830,9/1/2008 0:00,1161,3175,10005.75
CapU,International,200910,1/1/2009 0:00,1043,2810,8937.75
CapU,International,200920,5/1/2009 0:00,318,596,2338.5
CapU,International,200930,9/1/2009 0:00,880,2466,8613.75
CapU,International,201010,1/1/2010 0:00,983,2565,8958.25
CapU,International,201020,5/1/2010 0:00,436,746,3375
CapU,International,201030,9/1/2010 0:00,794,2370,8552
CapU,International,201110,1/1/2011 0:00,750,2327,7589
CapU,International,201120,5/1/2011 0:00,458,804,3218
CapU,International,201130,9/1/2011 0:00,648,2305,7759.5
CapU,International,201210,1/1/2012 0:00,610,2173,6999.5
CapU,International,201220,5/1/2012 0:00,342,610,2419.5
CapU,International,201230,9/1/2012 0:00,666,2394,7652.75
CapU,International,201310,1/1/2013 0:00,655,2309,7303
CapU,International,201320,5/1/2013 0:00,369,750,2939
CapU,International,201330,9/1/2013 0:00,672,2428,7874.5
CapU,International,201410,1/1/2014 0:00,665,2481,7719.75
CapU,International,201420,5/1/2014 0:00,422,884,3350.5
CapU,International,201430,9/1/2014 0:00,795,2761,9385.5
CapU,International,201510,1/1/2015 0:00,751,2726,8700.75
CapU,International,201520,5/1/2015 0:00,470,1025,3650.5
CapU,International,201530,9/1/2015 0:00,909,3245,10737.5
CapU,International,201610,1/1/2016 0:00,849,3279,9842.75
CapU,International,201620,5/1/2016 0:00,560,1240,4035
CapU,International,201630,9/1/2016 0:00,1057,3817,12289
CapU,International,201710,1/1/2017 0:00,1025,3884,11742.5
CapU,International,201720,5/1/2017 0:00,672,1502,5010
CapU,International,201730,9/1/2017 0:00,1303,4709,15221.5
CapU,International,201810,1/1/2018 0:00,1498,5510,16430.25
CapU,International,201820,5/1/2018 0:00,1184,3186,9669
CapU,International,201830,9/1/2018 0:00,1877,6831,21440.75
CapU,International,201910,1/1/2019 0:00,1985,7125,21649.75
CapU,International,201920,5/1/2019 0:00,1723,4924,14790.5
CapU,International,201930,9/1/2019 0:00,2675,9790,29672.5
CapU,International,202010,1/1/2020 0:00,2630,9503,28474.5
CapU,International,202020,5/1/2020 0:00,1803,5269,15807
CapU,International,202030,9/1/2020 0:00,2313,8346,25019.25
CapU,International,202110,1/1/2021 0:00,1998,7295,21761.5
CapU,International,202120,5/1/2021 0:00,1323,3643,10828.5
CapU,International,202130,9/1/2021 0:00,1780,6710,19813
CapU,International,202210,1/1/2022 0:00,1645,6179,18324.25
CapU,International,202220,5/1/2022 0:00,1268,3602,10646
CapU,International,202230,9/1/2022 0:00,2183,8388,24457
CapU,International,202310,1/1/2023 0:00,2591,9551,28413.75
AS,Domestic,200820,5/1/2008 0:00,631,1729,2871.25
AS,Domestic,200830,9/1/2008 0:00,2100,8574,19409
AS,Domestic,200910,1/1/2009 0:00,2033,7895,18329
AS,Domestic,200920,5/1/2009 0:00,644,1849,2912
AS,Domestic,200930,9/1/2009 0:00,2224,9025,20559.5
AS,Domestic,201010,1/1/2010 0:00,2117,8393,19527
AS,Domestic,201020,5/1/2010 0:00,644,1604,2819
AS,Domestic,201030,9/1/2010 0:00,2280,9385,21405.75
AS,Domestic,201110,1/1/2011 0:00,2224,8183,19788.75
AS,Domestic,201120,5/1/2011 0:00,615,1226,2677
AS,Domestic,201130,9/1/2011 0:00,2308,8849,21313.75
AS,Domestic,201210,1/1/2012 0:00,2129,7953,19123
AS,Domestic,201220,5/1/2012 0:00,533,997,2359
AS,Domestic,201230,9/1/2012 0:00,2209,8559,20616
AS,Domestic,201310,1/1/2013 0:00,2094,7632,18642.5
AS,Domestic,201320,5/1/2013 0:00,632,1152,2615
AS,Domestic,201330,9/1/2013 0:00,1981,7543,18296
AS,Domestic,201410,1/1/2014 0:00,1834,6922,16755.5
AS,Domestic,201420,5/1/2014 0:00,482,886,2070
AS,Domestic,201430,9/1/2014 0:00,1798,6960,16796
AS,Domestic,201510,1/1/2015 0:00,1608,6045,14474.5
AS,Domestic,201520,5/1/2015 0:00,444,804,1836
AS,Domestic,201530,9/1/2015 0:00,1532,6049,15107
AS,Domestic,201610,1/1/2016 0:00,1436,5405,13570
AS,Domestic,201620,5/1/2016 0:00,429,801,1791.5
AS,Domestic,201630,9/1/2016 0:00,1425,5456,14153.5
AS,Domestic,201710,1/1/2017 0:00,1374,5007,12992.5
AS,Domestic,201720,5/1/2017 0:00,420,755,1751
AS,Domestic,201730,9/1/2017 0:00,1440,5475,14271
AS,Domestic,201810,1/1/2018 0:00,1333,4840,12534.5
AS,Domestic,201820,5/1/2018 0:00,326,720,1526.5
AS,Domestic,201830,9/1/2018 0:00,1364,5149,13423
AS,Domestic,201910,1/1/2019 0:00,1307,4596,11876
AS,Domestic,201920,5/1/2019 0:00,308,652,1401
AS,Domestic,201930,9/1/2019 0:00,1233,4453,11534.5
AS,Domestic,202010,1/1/2020 0:00,1169,4022,10020
AS,Domestic,202020,5/1/2020 0:00,341,862,1761.5
AS,Domestic,202030,9/1/2020 0:00,1232,4438,11221
AS,Domestic,202110,1/1/2021 0:00,1250,4048,10347.5
AS,Domestic,202120,5/1/2021 0:00,411,1098,2411
AS,Domestic,202130,9/1/2021 0:00,1252,4450,11935.5
AS,Domestic,202210,1/1/2022 0:00,1214,3930,10172.5
AS,Domestic,202220,5/1/2022 0:00,363,814,2037.5
AS,Domestic,202230,9/1/2022 0:00,1272,4532,11973.5
AS,Domestic,202310,1/1/2023 0:00,1170,4040,11071
AS,International,200820,5/1/2008 0:00,85,168,426
AS,International,200830,9/1/2008 0:00,123,538,1234.5
AS,International,200910,1/1/2009 0:00,123,522,1224
AS,International,200920,5/1/2009 0:00,72,146,357
AS,International,200930,9/1/2009 0:00,101,414,983.5
AS,International,201010,1/1/2010 0:00,112,448,1098
AS,International,201020,5/1/2010 0:00,51,103,224
AS,International,201030,9/1/2010 0:00,95,377,870
AS,International,201110,1/1/2011 0:00,95,388,871.5
AS,International,201120,5/1/2011 0:00,29,57,141
AS,International,201130,9/1/2011 0:00,90,375,889.5
AS,International,201210,1/1/2012 0:00,89,337,817.5
AS,International,201220,5/1/2012 0:00,27,55,139
AS,International,201230,9/1/2012 0:00,73,287,652
AS,International,201310,1/1/2013 0:00,68,264,681
AS,International,201320,5/1/2013 0:00,30,60,151
AS,International,201330,9/1/2013 0:00,69,265,663
AS,International,201410,1/1/2014 0:00,67,268,659.5
AS,International,201420,5/1/2014 0:00,24,43,109
AS,International,201430,9/1/2014 0:00,75,322,787
AS,International,201510,1/1/2015 0:00,66,281,697
AS,International,201520,5/1/2015 0:00,28,56,156
AS,International,201530,9/1/2015 0:00,66,275,712
AS,International,201610,1/1/2016 0:00,84,344,911
AS,International,201620,5/1/2016 0:00,83,123,344
AS,International,201630,9/1/2016 0:00,102,403,1065
AS,International,201710,1/1/2017 0:00,115,437,1196
AS,International,201720,5/1/2017 0:00,55,124,338.5
AS,International,201730,9/1/2017 0:00,157,637,1691
AS,International,201810,1/1/2018 0:00,293,1049,2846.5
AS,International,201820,5/1/2018 0:00,272,871,2295
AS,International,201830,9/1/2018 0:00,449,1631,4516
AS,International,201910,1/1/2019 0:00,604,2183,6040
AS,International,201920,5/1/2019 0:00,704,2227,6064
AS,International,201930,9/1/2019 0:00,969,3554,9897.5
AS,International,202010,1/1/2020 0:00,999,3639,10196
AS,International,202020,5/1/2020 0:00,820,2691,7777.5
AS,International,202030,9/1/2020 0:00,866,3263,9191.5
AS,International,202110,1/1/2021 0:00,735,2698,7638
AS,International,202120,5/1/2021 0:00,495,1533,4267.5
AS,International,202130,9/1/2021 0:00,487,1772,4910.75
AS,International,202210,1/1/2022 0:00,413,1427,3962
AS,International,202220,5/1/2022 0:00,408,1354,3791
AS,International,202230,9/1/2022 0:00,658,2516,6930
AS,International,202310,1/1/2023 0:00,872,3223,8997.5
BPS,Domestic,200820,5/1/2008 0:00,780,1814,4299.25
BPS,Domestic,200830,9/1/2008 0:00,1554,5561,14333
BPS,Domestic,200910,1/1/2009 0:00,1622,6029,14878.75
BPS,Domestic,200920,5/1/2009 0:00,864,2002,4653.25
BPS,Domestic,200930,9/1/2009 0:00,1805,6378,16495.5
BPS,Domestic,201010,1/1/2010 0:00,1792,6604,16795
BPS,Domestic,201020,5/1/2010 0:00,981,2009,4754.25
BPS,Domestic,201030,9/1/2010 0:00,1944,6566,17219
BPS,Domestic,201110,1/1/2011 0:00,1921,6929,17818
BPS,Domestic,201120,5/1/2011 0:00,1055,2198,5244
BPS,Domestic,201130,9/1/2011 0:00,1986,6673,17996
BPS,Domestic,201210,1/1/2012 0:00,1988,7295,18801.5
BPS,Domestic,201220,5/1/2012 0:00,1047,2226,5215.25
BPS,Domestic,201230,9/1/2012 0:00,2067,7000,19060.25
BPS,Domestic,201310,1/1/2013 0:00,2097,7677,19842.25
BPS,Domestic,201320,5/1/2013 0:00,1027,2154,5186
BPS,Domestic,201330,9/1/2013 0:00,2058,7020,19551.75
BPS,Domestic,201410,1/1/2014 0:00,1902,7011,18751
BPS,Domestic,201420,5/1/2014 0:00,968,1954,5058.75
BPS,Domestic,201430,9/1/2014 0:00,2030,6962,19498.5
BPS,Domestic,201510,1/1/2015 0:00,1904,6759,18436.5
BPS,Domestic,201520,5/1/2015 0:00,861,1600,4547.5
BPS,Domestic,201530,9/1/2015 0:00,1817,6280,17883
BPS,Domestic,201610,1/1/2016 0:00,1662,6068,16710
BPS,Domestic,201620,5/1/2016 0:00,809,1555,4404.5
BPS,Domestic,201630,9/1/2016 0:00,1705,5755,16445.5
BPS,Domestic,201710,1/1/2017 0:00,1587,5595,15601.5
BPS,Domestic,201720,5/1/2017 0:00,756,1403,4083
BPS,Domestic,201730,9/1/2017 0:00,1628,5450,15597.5
BPS,Domestic,201810,1/1/2018 0:00,1545,5442,14803.5
BPS,Domestic,201820,5/1/2018 0:00,708,1304,3647.5
BPS,Domestic,201830,9/1/2018 0:00,1594,5213,14740
BPS,Domestic,201910,1/1/2019 0:00,1517,5160,14310.5
BPS,Domestic,201920,5/1/2019 0:00,694,1227,3515.5
BPS,Domestic,201930,9/1/2019 0:00,1525,4888,14040.5
BPS,Domestic,202010,1/1/2020 0:00,1426,4756,13211
BPS,Domestic,202020,5/1/2020 0:00,766,1472,4276
BPS,Domestic,202030,9/1/2020 0:00,1459,4943,14143.5
BPS,Domestic,202110,1/1/2021 0:00,1408,4796,13474.5
BPS,Domestic,202120,5/1/2021 0:00,804,1619,4662
BPS,Domestic,202130,9/1/2021 0:00,1354,4406,12594
BPS,Domestic,202210,1/1/2022 0:00,1328,4294,12049.5
BPS,Domestic,202220,5/1/2022 0:00,682,1449,4012
BPS,Domestic,202230,9/1/2022 0:00,1338,4176,11754
BPS,Domestic,202310,1/1/2023 0:00,1270,4012,11549.5
BPS,International,200820,5/1/2008 0:00,110,213,609
BPS,International,200830,9/1/2008 0:00,629,1623,4737
BPS,International,200910,1/1/2009 0:00,575,1414,4134
BPS,International,200920,5/1/2009 0:00,114,235,687
BPS,International,200930,9/1/2009 0:00,443,1135,3280
BPS,International,201010,1/1/2010 0:00,440,1157,3340
BPS,International,201020,5/1/2010 0:00,143,296,865.5
BPS,International,201030,9/1/2010 0:00,320,945,2730
BPS,International,201110,1/1/2011 0:00,364,1060,3039.5
BPS,International,201120,5/1/2011 0:00,271,505,1468
BPS,International,201130,9/1/2011 0:00,237,864,2452.5
BPS,International,201210,1/1/2012 0:00,231,838,2413
BPS,International,201220,5/1/2012 0:00,170,308,877.5
BPS,International,201230,9/1/2012 0:00,303,1104,3167.5
BPS,International,201310,1/1/2013 0:00,301,1037,3025
BPS,International,201320,5/1/2013 0:00,171,387,1156.5
BPS,International,201330,9/1/2013 0:00,296,1106,3253
BPS,International,201410,1/1/2014 0:00,273,1048,2988.5
BPS,International,201420,5/1/2014 0:00,202,451,1332
BPS,International,201430,9/1/2014 0:00,341,1257,3718.5
BPS,International,201510,1/1/2015 0:00,319,1223,3516
BPS,International,201520,5/1/2015 0:00,217,511,1515
BPS,International,201530,9/1/2015 0:00,409,1541,4680
BPS,International,201610,1/1/2016 0:00,375,1442,4258.5
BPS,International,201620,5/1/2016 0:00,258,619,1842.5
BPS,International,201630,9/1/2016 0:00,475,1689,5261
BPS,International,201710,1/1/2017 0:00,417,1623,4829
BPS,International,201720,5/1/2017 0:00,305,727,2305
BPS,International,201730,9/1/2017 0:00,542,1990,6246
BPS,International,201810,1/1/2018 0:00,593,2290,6836
BPS,International,201820,5/1/2018 0:00,476,1231,3796.5
BPS,International,201830,9/1/2018 0:00,718,2674,8363.5
BPS,International,201910,1/1/2019 0:00,772,2616,8348.5
BPS,International,201920,5/1/2019 0:00,583,1575,4700
BPS,International,201930,9/1/2019 0:00,958,3489,10612
BPS,International,202010,1/1/2020 0:00,938,3177,9772.5
BPS,International,202020,5/1/2020 0:00,642,1799,5380
BPS,International,202030,9/1/2020 0:00,841,2903,9135
BPS,International,202110,1/1/2021 0:00,740,2595,7853.5
BPS,International,202120,5/1/2021 0:00,508,1412,4219
BPS,International,202130,9/1/2021 0:00,694,2562,7653.5
BPS,International,202210,1/1/2022 0:00,716,2645,7933.5
BPS,International,202220,5/1/2022 0:00,568,1662,4890
BPS,International,202230,9/1/2022 0:00,932,3415,10249
BPS,International,202310,1/1/2023 0:00,1181,4078,12518
EHHD,Domestic,200820,5/1/2008 0:00,584,2671,2460.25
EHHD,Domestic,200830,9/1/2008 0:00,1046,6389,6336.25
EHHD,Domestic,200910,1/1/2009 0:00,1215,7655,6779
EHHD,Domestic,200920,5/1/2009 0:00,688,2712,2300.5
EHHD,Domestic,200930,9/1/2009 0:00,1233,7202,6863.75
EHHD,Domestic,201010,1/1/2010 0:00,1301,7244,7168
EHHD,Domestic,201020,5/1/2010 0:00,870,2882,2365.75
EHHD,Domestic,201030,9/1/2010 0:00,1240,7310,7206.25
EHHD,Domestic,201110,1/1/2011 0:00,1275,5041,7140.25
EHHD,Domestic,201120,5/1/2011 0:00,844,1913,2426.75
EHHD,Domestic,201130,9/1/2011 0:00,1183,4595,7079
EHHD,Domestic,201210,1/1/2012 0:00,1204,4814,7110.5
EHHD,Domestic,201220,5/1/2012 0:00,704,1382,2387.25
EHHD,Domestic,201230,9/1/2012 0:00,1223,4555,7485.5
EHHD,Domestic,201310,1/1/2013 0:00,1313,4680,7746.25
EHHD,Domestic,201320,5/1/2013 0:00,824,1551,2851.75
EHHD,Domestic,201330,9/1/2013 0:00,1192,4497,6778
EHHD,Domestic,201410,1/1/2014 0:00,1197,3928,6473.5
EHHD,Domestic,201420,5/1/2014 0:00,707,1533,3099.5
EHHD,Domestic,201430,9/1/2014 0:00,1050,3763,6371.75
EHHD,Domestic,201510,1/1/2015 0:00,1054,3540,6094
EHHD,Domestic,201520,5/1/2015 0:00,598,1139,2396.5
EHHD,Domestic,201530,9/1/2015 0:00,976,3138,6335.5
EHHD,Domestic,201610,1/1/2016 0:00,925,2669,5307.5
EHHD,Domestic,201620,5/1/2016 0:00,546,1062,2057
EHHD,Domestic,201630,9/1/2016 0:00,958,3151,6422.5
EHHD,Domestic,201710,1/1/2017 0:00,915,2744,5525
EHHD,Domestic,201720,5/1/2017 0:00,578,1173,2144.5
EHHD,Domestic,201730,9/1/2017 0:00,944,3110,6466
EHHD,Domestic,201810,1/1/2018 0:00,936,2784,5768
EHHD,Domestic,201820,5/1/2018 0:00,566,1284,2239
EHHD,Domestic,201830,9/1/2018 0:00,1003,3198,6832.5
EHHD,Domestic,201910,1/1/2019 0:00,792,2550,5823
EHHD,Domestic,201920,5/1/2019 0:00,496,1345,3000.5
EHHD,Domestic,201930,9/1/2019 0:00,973,3218,6969.5
EHHD,Domestic,202010,1/1/2020 0:00,760,2525,5640
EHHD,Domestic,202020,5/1/2020 0:00,424,1362,2191.5
EHHD,Domestic,202030,9/1/2020 0:00,918,3328,6608
EHHD,Domestic,202110,1/1/2021 0:00,856,2875,5501
EHHD,Domestic,202120,5/1/2021 0:00,590,1938,3212.5
EHHD,Domestic,202130,9/1/2021 0:00,967,2975,7131
EHHD,Domestic,202210,1/1/2022 0:00,784,2029,5037.5
EHHD,Domestic,202220,5/1/2022 0:00,461,1064,2361.5
EHHD,Domestic,202230,9/1/2022 0:00,962,2711,6657
EHHD,Domestic,202310,1/1/2023 0:00,718,2078,5550
EHHD,International,200820,5/1/2008 0:00,96,113,990.5
EHHD,International,200830,9/1/2008 0:00,150,300,1826.25
EHHD,International,200910,1/1/2009 0:00,119,240,1473.25
EHHD,International,200920,5/1/2009 0:00,77,88,839
EHHD,International,200930,9/1/2009 0:00,182,265,2424.25
EHHD,International,201010,1/1/2010 0:00,161,237,2077.5
EHHD,International,201020,5/1/2010 0:00,112,141,1343
EHHD,International,201030,9/1/2010 0:00,224,379,2946.5
EHHD,International,201110,1/1/2011 0:00,154,259,1954.75
EHHD,International,201120,5/1/2011 0:00,101,112,1122
EHHD,International,201130,9/1/2011 0:00,153,280,2128
EHHD,International,201210,1/1/2012 0:00,136,258,1778.25
EHHD,International,201220,5/1/2012 0:00,74,104,888
EHHD,International,201230,9/1/2012 0:00,121,245,1553
EHHD,International,201310,1/1/2013 0:00,107,211,1349
EHHD,International,201320,5/1/2013 0:00,88,99,935
EHHD,International,201330,9/1/2013 0:00,125,269,1591
EHHD,International,201410,1/1/2014 0:00,130,312,1644.5
EHHD,International,201420,5/1/2014 0:00,94,125,1010
EHHD,International,201430,9/1/2014 0:00,193,419,2504
EHHD,International,201510,1/1/2015 0:00,168,388,2105.5
EHHD,International,201520,5/1/2015 0:00,118,178,1054
EHHD,International,201530,9/1/2015 0:00,226,555,2713.5
EHHD,International,201610,1/1/2016 0:00,174,519,1986
EHHD,International,201620,5/1/2016 0:00,106,189,811.5
EHHD,International,201630,9/1/2016 0:00,239,651,2774.5
EHHD,International,201710,1/1/2017 0:00,243,681,2524
EHHD,International,201720,5/1/2017 0:00,189,351,1371
EHHD,International,201730,9/1/2017 0:00,342,905,3825.5
EHHD,International,201810,1/1/2018 0:00,338,1005,3485
EHHD,International,201820,5/1/2018 0:00,274,646,2165.5
EHHD,International,201830,9/1/2018 0:00,342,942,3901
EHHD,International,201910,1/1/2019 0:00,251,756,2836
EHHD,International,201920,5/1/2019 0:00,181,370,1553.5
EHHD,International,201930,9/1/2019 0:00,284,766,3389
EHHD,International,202010,1/1/2020 0:00,233,678,2495
EHHD,International,202020,5/1/2020 0:00,93,169,560.5
EHHD,International,202030,9/1/2020 0:00,205,587,2163
EHHD,International,202110,1/1/2021 0:00,156,456,1530.5
EHHD,International,202120,5/1/2021 0:00,94,184,671.5
EHHD,International,202130,9/1/2021 0:00,179,560,1975.5
EHHD,International,202210,1/1/2022 0:00,151,472,1627
EHHD,International,202220,5/1/2022 0:00,90,192,685
EHHD,International,202230,9/1/2022 0:00,169,566,1914.5
EHHD,International,202310,1/1/2023 0:00,153,489,1623
FAA,Domestic,200820,5/1/2008 0:00,181,491,1087
FAA,Domestic,200830,9/1/2008 0:00,1083,6061,15328.5
FAA,Domestic,200910,1/1/2009 0:00,1003,5581,13600.25
FAA,Domestic,200920,5/1/2009 0:00,182,479,1189.5
FAA,Domestic,200930,9/1/2009 0:00,1110,6192,15636
FAA,Domestic,201010,1/1/2010 0:00,1046,5965,14207.5
FAA,Domestic,201020,5/1/2010 0:00,156,381,1015
FAA,Domestic,201030,9/1/2010 0:00,1137,6507,15800.5
FAA,Domestic,201110,1/1/2011 0:00,1082,6182,14304.5
FAA,Domestic,201120,5/1/2011 0:00,209,497,1325
FAA,Domestic,201130,9/1/2011 0:00,1187,6577,16529
FAA,Domestic,201210,1/1/2012 0:00,1122,6289,14719.75
FAA,Domestic,201220,5/1/2012 0:00,221,572,1621.5
FAA,Domestic,201230,9/1/2012 0:00,1240,6785,17487.75
FAA,Domestic,201310,1/1/2013 0:00,1176,6449,15284.25
FAA,Domestic,201320,5/1/2013 0:00,168,427,1175.5
FAA,Domestic,201330,9/1/2013 0:00,1107,6246,15881.25
FAA,Domestic,201410,1/1/2014 0:00,1052,5903,14077.5
FAA,Domestic,201420,5/1/2014 0:00,163,395,1116.5
FAA,Domestic,201430,9/1/2014 0:00,980,5712,14226.5
FAA,Domestic,201510,1/1/2015 0:00,927,5280,12625.75
FAA,Domestic,201520,5/1/2015 0:00,134,303,825.5
FAA,Domestic,201530,9/1/2015 0:00,938,5472,13589
FAA,Domestic,201610,1/1/2016 0:00,903,5211,12351.75
FAA,Domestic,201620,5/1/2016 0:00,163,335,910
FAA,Domestic,201630,9/1/2016 0:00,990,5803,14642.25
FAA,Domestic,201710,1/1/2017 0:00,929,5400,12841.75
FAA,Domestic,201720,5/1/2017 0:00,157,295,812.5
FAA,Domestic,201730,9/1/2017 0:00,972,5686,14368.25
FAA,Domestic,201810,1/1/2018 0:00,929,5274,12778.25
FAA,Domestic,201820,5/1/2018 0:00,145,269,721
FAA,Domestic,201830,9/1/2018 0:00,934,5308,13807.25
FAA,Domestic,201910,1/1/2019 0:00,895,4993,12227
FAA,Domestic,201920,5/1/2019 0:00,130,237,607.5
FAA,Domestic,201930,9/1/2019 0:00,965,5643,14615.75
FAA,Domestic,202010,1/1/2020 0:00,941,5379,13249
FAA,Domestic,202020,5/1/2020 0:00,118,247,880.5
FAA,Domestic,202030,9/1/2020 0:00,989,5709,14057
FAA,Domestic,202110,1/1/2021 0:00,942,5263,13592.75
FAA,Domestic,202120,5/1/2021 0:00,232,511,1555.5
FAA,Domestic,202130,9/1/2021 0:00,965,5469,14404.25
FAA,Domestic,202210,1/1/2022 0:00,919,4995,12384.5
FAA,Domestic,202220,5/1/2022 0:00,166,290,788
FAA,Domestic,202230,9/1/2022 0:00,926,5278,13759
FAA,Domestic,202310,1/1/2023 0:00,873,4735,12049.75
FAA,International,200820,5/1/2008 0:00,4,11,24
FAA,International,200830,9/1/2008 0:00,168,337,1048.5
FAA,International,200910,1/1/2009 0:00,148,318,1158
FAA,International,200920,5/1/2009 0:00,6,18,44.5
FAA,International,200930,9/1/2009 0:00,56,216,570
FAA,International,201010,1/1/2010 0:00,175,327,1267.75
FAA,International,201020,5/1/2010 0:00,88,98,514.5
FAA,International,201030,9/1/2010 0:00,46,210,556
FAA,International,201110,1/1/2011 0:00,35,183,438.25
FAA,International,201120,5/1/2011 0:00,6,12,45
FAA,International,201130,9/1/2011 0:00,52,290,744
FAA,International,201210,1/1/2012 0:00,49,286,640.25
FAA,International,201220,5/1/2012 0:00,13,33,69
FAA,International,201230,9/1/2012 0:00,59,307,819.25
FAA,International,201310,1/1/2013 0:00,56,294,748
FAA,International,201320,5/1/2013 0:00,14,30,91.5
FAA,International,201330,9/1/2013 0:00,51,274,712.5
FAA,International,201410,1/1/2014 0:00,47,234,585.75
FAA,International,201420,5/1/2014 0:00,6,12,22
FAA,International,201430,9/1/2014 0:00,44,216,589.5
FAA,International,201510,1/1/2015 0:00,41,204,512.75
FAA,International,201520,5/1/2015 0:00,10,23,58
FAA,International,201530,9/1/2015 0:00,59,310,806
FAA,International,201610,1/1/2016 0:00,58,305,733.25
FAA,International,201620,5/1/2016 0:00,13,35,92
FAA,International,201630,9/1/2016 0:00,87,474,1254
FAA,International,201710,1/1/2017 0:00,80,416,1080
FAA,International,201720,5/1/2017 0:00,13,24,67.5
FAA,International,201730,9/1/2017 0:00,85,473,1256
FAA,International,201810,1/1/2018 0:00,80,422,1073.75
FAA,International,201820,5/1/2018 0:00,10,16,55
FAA,International,201830,9/1/2018 0:00,107,585,1566.25
FAA,International,201910,1/1/2019 0:00,106,554,1439.25
FAA,International,201920,5/1/2019 0:00,13,46,107
FAA,International,201930,9/1/2019 0:00,134,718,1972
FAA,International,202010,1/1/2020 0:00,138,680,1919
FAA,International,202020,5/1/2020 0:00,22,50,228
FAA,International,202030,9/1/2020 0:00,124,650,1689.75
FAA,International,202110,1/1/2021 0:00,121,575,1703.5
FAA,International,202120,5/1/2021 0:00,33,68,261.5
FAA,International,202130,9/1/2021 0:00,145,743,2090.25
FAA,International,202210,1/1/2022 0:00,134,698,1824.75
FAA,International,202220,5/1/2022 0:00,19,30,90
FAA,International,202230,9/1/2022 0:00,160,878,2409.5
FAA,International,202310,1/1/2023 0:00,152,780,2181.25
GCS,Domestic,200820,5/1/2008 0:00,226,375,1069
GCS,Domestic,200830,9/1/2008 0:00,641,2624,6983
GCS,Domestic,200910,1/1/2009 0:00,585,2160,5899.5
GCS,Domestic,200920,5/1/2009 0:00,311,503,1814
GCS,Domestic,200930,9/1/2009 0:00,721,3115,8539.5
GCS,Domestic,201010,1/1/2010 0:00,656,2423,6610
GCS,Domestic,201020,5/1/2010 0:00,232,387,1257
GCS,Domestic,201030,9/1/2010 0:00,698,3028,8052
GCS,Domestic,201110,1/1/2011 0:00,637,2463,6550.5
GCS,Domestic,201120,5/1/2011 0:00,226,438,1288
GCS,Domestic,201130,9/1/2011 0:00,686,2887,7428
GCS,Domestic,201210,1/1/2012 0:00,635,2298,5970
GCS,Domestic,201220,5/1/2012 0:00,245,465,1374
GCS,Domestic,201230,9/1/2012 0:00,716,2843,7446
GCS,Domestic,201310,1/1/2013 0:00,651,2362,6178
GCS,Domestic,201320,5/1/2013 0:00,220,377,1042
GCS,Domestic,201330,9/1/2013 0:00,714,2654,6879
GCS,Domestic,201410,1/1/2014 0:00,667,2349,6171
GCS,Domestic,201420,5/1/2014 0:00,262,389,1145.5
GCS,Domestic,201430,9/1/2014 0:00,666,2634,6953.5
GCS,Domestic,201510,1/1/2015 0:00,631,2270,6044
GCS,Domestic,201520,5/1/2015 0:00,237,361,1049
GCS,Domestic,201530,9/1/2015 0:00,676,2498,6625.5
GCS,Domestic,201610,1/1/2016 0:00,607,2132,5666.5
GCS,Domestic,201620,5/1/2016 0:00,218,312,973
GCS,Domestic,201630,9/1/2016 0:00,627,2210,5931.5
GCS,Domestic,201710,1/1/2017 0:00,565,1881,5094.5
GCS,Domestic,201720,5/1/2017 0:00,197,258,835.5
GCS,Domestic,201730,9/1/2017 0:00,600,2158,5836.5
GCS,Domestic,201810,1/1/2018 0:00,570,1832,4780.5
GCS,Domestic,201820,5/1/2018 0:00,188,264,793
GCS,Domestic,201830,9/1/2018 0:00,542,1893,5099.5
GCS,Domestic,201910,1/1/2019 0:00,500,1580,4250.5
GCS,Domestic,201920,5/1/2019 0:00,164,230,740.5
GCS,Domestic,201930,9/1/2019 0:00,540,1794,4606.5
GCS,Domestic,202010,1/1/2020 0:00,468,1474,3865
GCS,Domestic,202020,5/1/2020 0:00,143,252,793.5
GCS,Domestic,202030,9/1/2020 0:00,485,1721,4469.5
GCS,Domestic,202110,1/1/2021 0:00,499,1484,4109.5
GCS,Domestic,202120,5/1/2021 0:00,184,292,949
GCS,Domestic,202130,9/1/2021 0:00,486,1797,4449.5
GCS,Domestic,202210,1/1/2022 0:00,465,1461,3991
GCS,Domestic,202220,5/1/2022 0:00,112,192,644.5
GCS,Domestic,202230,9/1/2022 0:00,523,1769,4368
GCS,Domestic,202310,1/1/2023 0:00,465,1584,4032
GCS,International,200820,5/1/2008 0:00,42,107,357
GCS,International,200830,9/1/2008 0:00,91,377,1159.5
GCS,International,200910,1/1/2009 0:00,78,316,948.5
GCS,International,200920,5/1/2009 0:00,49,109,411
GCS,International,200930,9/1/2009 0:00,98,436,1356
GCS,International,201010,1/1/2010 0:00,95,396,1175
GCS,International,201020,5/1/2010 0:00,42,108,428
GCS,International,201030,9/1/2010 0:00,109,459,1449.5
GCS,International,201110,1/1/2011 0:00,102,437,1285
GCS,International,201120,5/1/2011 0:00,51,118,442
GCS,International,201130,9/1/2011 0:00,116,496,1545.5
GCS,International,201210,1/1/2012 0:00,105,454,1350.5
GCS,International,201220,5/1/2012 0:00,58,110,446
GCS,International,201230,9/1/2012 0:00,110,451,1461
GCS,International,201310,1/1/2013 0:00,123,503,1500
GCS,International,201320,5/1/2013 0:00,66,174,605
GCS,International,201330,9/1/2013 0:00,131,514,1655
GCS,International,201410,1/1/2014 0:00,148,619,1841.5
GCS,International,201420,5/1/2014 0:00,96,253,877.5
GCS,International,201430,9/1/2014 0:00,142,547,1786.5
GCS,International,201510,1/1/2015 0:00,157,630,1869.5
GCS,International,201520,5/1/2015 0:00,97,257,867.5
GCS,International,201530,9/1/2015 0:00,149,564,1826
GCS,International,201610,1/1/2016 0:00,158,669,1954
GCS,International,201620,5/1/2016 0:00,100,274,945
GCS,International,201630,9/1/2016 0:00,154,600,1934.5
GCS,International,201710,1/1/2017 0:00,170,727,2113.5
GCS,International,201720,5/1/2017 0:00,110,276,928
GCS,International,201730,9/1/2017 0:00,177,704,2203
GCS,International,201810,1/1/2018 0:00,194,744,2189
GCS,International,201820,5/1/2018 0:00,152,422,1357
GCS,International,201830,9/1/2018 0:00,261,999,3094
GCS,International,201910,1/1/2019 0:00,252,1016,2986
GCS,International,201920,5/1/2019 0:00,242,706,2366
GCS,International,201930,9/1/2019 0:00,330,1263,3802
GCS,International,202010,1/1/2020 0:00,322,1329,4092
GCS,International,202020,5/1/2020 0:00,226,560,1861
GCS,International,202030,9/1/2020 0:00,277,943,2840
GCS,International,202110,1/1/2021 0:00,246,971,3036
GCS,International,202120,5/1/2021 0:00,193,446,1409
GCS,International,202130,9/1/2021 0:00,275,1073,3183
GCS,International,202210,1/1/2022 0:00,231,937,2977
GCS,International,202220,5/1/2022 0:00,183,364,1186
GCS,International,202230,9/1/2022 0:00,264,1013,2954
GCS,International,202310,1/1/2023 0:00,234,984,3032
